{"epoch":20,"_wandb":{"runtime":18342},"training images":{"size":136621,"path":"media/images/training images_63_444b725bfaa2beb25b64.png","format":"png","width":1500,"height":300,"_type":"image-file","sha256":"444b725bfaa2beb25b64a66677828ff40680c1edacbc931ac8b4ce266b5a3e67"},"_timestamp":1.7381909037788978e+09,"_runtime":18294.211334633,"_step":83,"epoch_loss":0.19940250800507656,"epoch_accuracy":0.9394572025052192}