{"_timestamp":1.738131218143401e+09,"_runtime":13.449856562,"_step":32,"epoch_loss":1.1064699623319838,"epoch_accuracy":0.4153846153846154,"epoch":1,"_wandb":{"runtime":17},"training images":{"format":"png","width":1500,"height":300,"_type":"image-file","sha256":"8f5f31ba09a92c28aa4d7297a6cc69f3fb38180f9ac64f31fb2887ae5dd2070b","size":155582,"path":"media/images/training images_31_8f5f31ba09a92c28aa4d.png"}}