{"_step":32,"training images":{"path":"media/images/training images_31_302aeb73f9b82ace99d1.png","format":"png","width":1500,"height":300,"_type":"image-file","sha256":"302aeb73f9b82ace99d1dfef43edbdffc7123a6b844dfe0f9bf1ede3566e38e3","size":147470},"_timestamp":1.7381310144186091e+09,"_runtime":13.166188618,"epoch_loss":1.1224918100568984,"epoch_accuracy":0.6153846153846154,"epoch":1,"_wandb":{"runtime":14}}