{"epoch":0,"image_saved_path":"./saved_batches/epoch0_batch_0_image_7.nii.gz","_timestamp":1.7379929233604655e+09,"loss":1.3155121803283691,"_step":35,"batch":3,"image_index":7,"_wandb":{"runtime":19},"_runtime":17.839892184}