,left_neural_foraminal_narrowing_l1_l2,left_neural_foraminal_narrowing_l2_l3,left_neural_foraminal_narrowing_l3_l4,left_neural_foraminal_narrowing_l4_l5,left_neural_foraminal_narrowing_l5_s1,right_neural_foraminal_narrowing_l1_l2,right_neural_foraminal_narrowing_l2_l3,right_neural_foraminal_narrowing_l3_l4,right_neural_foraminal_narrowing_l4_l5,right_neural_foraminal_narrowing_l5_s1,overall
Normal/Mild,0.9670552458185504,0.9077546882919412,0.7714140902179423,0.6102382159148505,0.6320324379118094,0.9613624809354346,0.9115404168784952,0.7686832740213523,0.614133197763091,0.6512455516014235,0.7795431472081218
Moderate,0.031931069437404966,0.08667004561581348,0.20831221490116575,0.3188038520020274,0.26355803345159656,0.03202846975088968,0.08540925266903915,0.21047280122013218,0.31977630910015253,0.2521606507371632,0.18091370558375636
Severe,0.0010136847440446021,0.005575266092245312,0.02027369488089204,0.07095793208312215,0.10440952863659402,0.0066090493136756485,0.003050330452465684,0.020843924758515507,0.06609049313675648,0.09659379766141332,0.039543147208121826
