,spinal_canal_stenosis_l1_l2,spinal_canal_stenosis_l2_l3,spinal_canal_stenosis_l3_l4,spinal_canal_stenosis_l4_l5,spinal_canal_stenosis_l5_s1,overall
Moderate,0.033941236068895646,0.07649442755825735,0.11651469098277609,0.12006079027355623,0.025835866261398176,0.07456940222897669
Normal/Mild,0.955420466058764,0.8966565349544073,0.8216818642350557,0.7507598784194529,0.9645390070921985,0.8778115501519757
Severe,0.010638297872340425,0.02684903748733536,0.06180344478216818,0.12917933130699089,0.009625126646403243,0.047619047619047616
