,left_subarticular_stenosis_l1_l2,left_subarticular_stenosis_l2_l3,left_subarticular_stenosis_l3_l4,left_subarticular_stenosis_l4_l5,left_subarticular_stenosis_l5_s1,right_subarticular_stenosis_l1_l2,right_subarticular_stenosis_l2_l3,right_subarticular_stenosis_l3_l4,right_subarticular_stenosis_l4_l5,right_subarticular_stenosis_l5_s1,overall
Normal/Mild,0.9331860850358917,0.8214474379292129,0.6713995943204868,0.4497971602434077,0.7169042769857433,0.9261300992282249,0.8330692023243529,0.670045615813482,0.4515965534718702,0.7108739837398373,0.7140331721520303
Moderate,0.05135284373274434,0.1347068145800317,0.2302231237322515,0.31643002028397565,0.20824847250509165,0.06063947078280044,0.12836767036450078,0.23010643689812468,0.31525595539787127,0.20121951219512196,0.19029792544064889
Severe,0.015461071231363888,0.04384574749075541,0.09837728194726167,0.23377281947261663,0.07484725050916496,0.013230429988974642,0.03856312731114633,0.09984794728839332,0.23314749113025848,0.08790650406504065,0.09566890240732075
