{"_timestamp":1.7381288521062288e+09,"_runtime":13.660276899,"_step":32,"training images":{"height":300,"_type":"image-file","sha256":"23a3416b2e642b4e1e36934e7178024128a1e91d77def61af64ffca75f956c9c","size":131394,"path":"media/images/training images_31_23a3416b2e642b4e1e36.png","format":"png","width":1500},"epoch_loss":0.6956540279918246,"epoch_accuracy":0.8769230769230769,"epoch":1,"_wandb":{"runtime":13}}