{"_runtime":33130.373966043,"_step":83,"epoch":20,"epoch_loss":0.24727753571282857,"epoch_accuracy":0.9303409881697982,"_wandb":{"runtime":33194},"training images":{"path":"media/images/training images_63_d4cc24ebc1b4680b33c7.png","format":"png","width":1500,"height":300,"_type":"image-file","sha256":"d4cc24ebc1b4680b33c7da99f9988c9ac7e1ec8c8f2bb67e7662c9c20823f13f","size":161363},"_timestamp":1.7381654761056595e+09}