{"_wandb":{"runtime":18},"loss":1.3308120965957642,"epoch":0,"_step":35,"image_saved_path":"./saved_batches/epoch0_batch_0_image_7.nii.gz","_timestamp":1.7379924923965328e+09,"batch":3,"image_index":7,"_runtime":12.692367804}